{
    "_metadata": {
        "methodology": {
            "fusion_strategy": "Late Fusion (Averaging probabilities)",
            "sample_description": "Stratified sampling (ratio=0.05)",
            "k_folds": {
                "enabled": false,
                "description": "Fixed stratified split used instead of cross-validation for performance"
            },
            "data_splitting": {
                "training": "70%",
                "validation": "15%",
                "testing": "15%",
                "method": "Stratified Shuffle Split"
            }
        },
        "outputs": {
            "directories": {
                "data_plots": "./work/reports/feature_distributions/",
                "decision_plots": "./work/mcdm_results/plots/",
                "processed_data": "./work/data/"
            },
            "generated_files": [
                {
                    "name": "3d_solution_space.png",
                    "path": "/home/tor/ton_iot/ton_iot/work/mcdm_results/plots/3d_solution_space.png",
                    "url": "file:///home/tor/ton_iot/ton_iot/work/mcdm_results/plots/3d_solution_space.png",
                    "type": "decision_plot"
                },
                {
                    "name": "radar_comparison.png",
                    "path": "/home/tor/ton_iot/ton_iot/work/mcdm_results/plots/radar_comparison.png",
                    "url": "file:///home/tor/ton_iot/ton_iot/work/mcdm_results/plots/radar_comparison.png",
                    "type": "decision_plot"
                },
                {
                    "name": "decision_matrix_heatmap.png",
                    "path": "/home/tor/ton_iot/ton_iot/work/mcdm_results/plots/decision_matrix_heatmap.png",
                    "url": "file:///home/tor/ton_iot/ton_iot/work/mcdm_results/plots/decision_matrix_heatmap.png",
                    "type": "decision_plot"
                },
                {
                    "name": "unified_dimensions_comparison.png",
                    "path": "/home/tor/ton_iot/ton_iot/work/mcdm_results/plots/unified_dimensions_comparison.png",
                    "url": "file:///home/tor/ton_iot/ton_iot/work/mcdm_results/plots/unified_dimensions_comparison.png",
                    "type": "decision_plot"
                }
            ],
            "final_report_markdown": {
                "path": "/home/tor/ton_iot/ton_iot/work/mcdm_results/final_justification_report.md",
                "url": "file:///home/tor/ton_iot/ton_iot/work/mcdm_results/final_justification_report.md"
            }
        }
    },
    "cic_LR": {
        "methodology_context": {
            "fusion_strategy": "Late Fusion (Averaging probabilities)",
            "sample_description": "Stratified sampling (ratio=0.05)",
            "k_folds": {
                "enabled": false,
                "description": "Fixed stratified split used instead of cross-validation for performance"
            },
            "data_splitting": {
                "training": "70%",
                "validation": "15%",
                "testing": "15%",
                "method": "Stratified Shuffle Split"
            }
        },
        "n_eval_rows": 46,
        "y_true_balance": {
            "0": 13,
            "1": 33
        },
        "y_pred_balance": {
            "0": 16,
            "1": 30
        },
        "confusion_matrix": [
            [
                12,
                1
            ],
            [
                4,
                29
            ]
        ],
        "accuracy": 0.8913043478260869,
        "precision": 0.9666666666666667,
        "recall": 0.8787878787878788,
        "f1": 0.9206349206349206,
        "roc_auc": 0.9720279720279721
    },
    "cic_DT": {
        "methodology_context": {
            "fusion_strategy": "Late Fusion (Averaging probabilities)",
            "sample_description": "Stratified sampling (ratio=0.05)",
            "k_folds": {
                "enabled": false,
                "description": "Fixed stratified split used instead of cross-validation for performance"
            },
            "data_splitting": {
                "training": "70%",
                "validation": "15%",
                "testing": "15%",
                "method": "Stratified Shuffle Split"
            }
        },
        "n_eval_rows": 46,
        "y_true_balance": {
            "0": 13,
            "1": 33
        },
        "y_pred_balance": {
            "0": 14,
            "1": 32
        },
        "confusion_matrix": [
            [
                10,
                3
            ],
            [
                4,
                29
            ]
        ],
        "accuracy": 0.8478260869565217,
        "precision": 0.90625,
        "recall": 0.8787878787878788,
        "f1": 0.8923076923076924,
        "roc_auc": 0.824009324009324
    },
    "cic_RF": {
        "methodology_context": {
            "fusion_strategy": "Late Fusion (Averaging probabilities)",
            "sample_description": "Stratified sampling (ratio=0.05)",
            "k_folds": {
                "enabled": false,
                "description": "Fixed stratified split used instead of cross-validation for performance"
            },
            "data_splitting": {
                "training": "70%",
                "validation": "15%",
                "testing": "15%",
                "method": "Stratified Shuffle Split"
            }
        },
        "n_eval_rows": 46,
        "y_true_balance": {
            "0": 13,
            "1": 33
        },
        "y_pred_balance": {
            "0": 15,
            "1": 31
        },
        "confusion_matrix": [
            [
                13,
                0
            ],
            [
                2,
                31
            ]
        ],
        "accuracy": 0.9565217391304348,
        "precision": 1.0,
        "recall": 0.9393939393939394,
        "f1": 0.96875,
        "roc_auc": 0.9883449883449884
    },
    "cic_CNN": {
        "methodology_context": {
            "fusion_strategy": "Late Fusion (Averaging probabilities)",
            "sample_description": "Stratified sampling (ratio=0.05)",
            "k_folds": {
                "enabled": false,
                "description": "Fixed stratified split used instead of cross-validation for performance"
            },
            "data_splitting": {
                "training": "70%",
                "validation": "15%",
                "testing": "15%",
                "method": "Stratified Shuffle Split"
            }
        },
        "n_eval_rows": 46,
        "y_true_balance": {
            "0": 13,
            "1": 33
        },
        "y_pred_balance": {
            "0": 3,
            "1": 43
        },
        "confusion_matrix": [
            [
                1,
                12
            ],
            [
                2,
                31
            ]
        ],
        "accuracy": 0.6956521739130435,
        "precision": 0.7209302325581395,
        "recall": 0.9393939393939394,
        "f1": 0.8157894736842105,
        "roc_auc": 0.8041958041958042
    },
    "cic_TabNet": {
        "methodology_context": {
            "fusion_strategy": "Late Fusion (Averaging probabilities)",
            "sample_description": "Stratified sampling (ratio=0.05)",
            "k_folds": {
                "enabled": false,
                "description": "Fixed stratified split used instead of cross-validation for performance"
            },
            "data_splitting": {
                "training": "70%",
                "validation": "15%",
                "testing": "15%",
                "method": "Stratified Shuffle Split"
            }
        },
        "n_eval_rows": 46,
        "y_true_balance": {
            "1": 33,
            "0": 13
        },
        "y_pred_balance": {
            "1": 44,
            "0": 2
        },
        "confusion_matrix": [
            [
                0,
                13
            ],
            [
                2,
                31
            ]
        ],
        "accuracy": 0.6739130434782609,
        "precision": 0.7045454545454546,
        "recall": 0.9393939393939394,
        "f1": 0.8051948051948052,
        "roc_auc": 0.6526806526806527
    },
    "ton_LR": {
        "methodology_context": {
            "fusion_strategy": "Late Fusion (Averaging probabilities)",
            "sample_description": "Stratified sampling (ratio=0.05)",
            "k_folds": {
                "enabled": false,
                "description": "Fixed stratified split used instead of cross-validation for performance"
            },
            "data_splitting": {
                "training": "70%",
                "validation": "15%",
                "testing": "15%",
                "method": "Stratified Shuffle Split"
            }
        },
        "n_eval_rows": 525,
        "y_true_balance": {
            "1": 150,
            "0": 375
        },
        "y_pred_balance": {
            "0": 381,
            "1": 144
        },
        "confusion_matrix": [
            [
                370,
                5
            ],
            [
                11,
                139
            ]
        ],
        "accuracy": 0.9695238095238096,
        "precision": 0.9652777777777778,
        "recall": 0.9266666666666666,
        "f1": 0.9455782312925171,
        "roc_auc": 0.9775822222222221
    },
    "ton_DT": {
        "methodology_context": {
            "fusion_strategy": "Late Fusion (Averaging probabilities)",
            "sample_description": "Stratified sampling (ratio=0.05)",
            "k_folds": {
                "enabled": false,
                "description": "Fixed stratified split used instead of cross-validation for performance"
            },
            "data_splitting": {
                "training": "70%",
                "validation": "15%",
                "testing": "15%",
                "method": "Stratified Shuffle Split"
            }
        },
        "n_eval_rows": 525,
        "y_true_balance": {
            "0": 375,
            "1": 150
        },
        "y_pred_balance": {
            "0": 378,
            "1": 147
        },
        "confusion_matrix": [
            [
                373,
                2
            ],
            [
                5,
                145
            ]
        ],
        "accuracy": 0.9866666666666667,
        "precision": 0.9863945578231292,
        "recall": 0.9666666666666667,
        "f1": 0.9764309764309764,
        "roc_auc": 0.9919288888888889
    },
    "ton_RF": {
        "methodology_context": {
            "fusion_strategy": "Late Fusion (Averaging probabilities)",
            "sample_description": "Stratified sampling (ratio=0.05)",
            "k_folds": {
                "enabled": false,
                "description": "Fixed stratified split used instead of cross-validation for performance"
            },
            "data_splitting": {
                "training": "70%",
                "validation": "15%",
                "testing": "15%",
                "method": "Stratified Shuffle Split"
            }
        },
        "n_eval_rows": 525,
        "y_true_balance": {
            "1": 150,
            "0": 375
        },
        "y_pred_balance": {
            "0": 376,
            "1": 149
        },
        "confusion_matrix": [
            [
                371,
                4
            ],
            [
                5,
                145
            ]
        ],
        "accuracy": 0.9828571428571429,
        "precision": 0.9731543624161074,
        "recall": 0.9666666666666667,
        "f1": 0.9698996655518395,
        "roc_auc": 0.9970755555555555
    },
    "ton_CNN": {
        "methodology_context": {
            "fusion_strategy": "Late Fusion (Averaging probabilities)",
            "sample_description": "Stratified sampling (ratio=0.05)",
            "k_folds": {
                "enabled": false,
                "description": "Fixed stratified split used instead of cross-validation for performance"
            },
            "data_splitting": {
                "training": "70%",
                "validation": "15%",
                "testing": "15%",
                "method": "Stratified Shuffle Split"
            }
        },
        "n_eval_rows": 525,
        "y_true_balance": {
            "1": 150,
            "0": 375
        },
        "y_pred_balance": {
            "0": 525
        },
        "confusion_matrix": [
            [
                375,
                0
            ],
            [
                150,
                0
            ]
        ],
        "accuracy": 0.7142857142857143,
        "precision": 0.0,
        "recall": 0.0,
        "f1": 0.0,
        "roc_auc": 0.9232533333333334
    },
    "ton_TabNet": {
        "methodology_context": {
            "fusion_strategy": "Late Fusion (Averaging probabilities)",
            "sample_description": "Stratified sampling (ratio=0.05)",
            "k_folds": {
                "enabled": false,
                "description": "Fixed stratified split used instead of cross-validation for performance"
            },
            "data_splitting": {
                "training": "70%",
                "validation": "15%",
                "testing": "15%",
                "method": "Stratified Shuffle Split"
            }
        },
        "n_eval_rows": 525,
        "y_true_balance": {
            "1": 150,
            "0": 375
        },
        "y_pred_balance": {
            "1": 232,
            "0": 293
        },
        "confusion_matrix": [
            [
                274,
                101
            ],
            [
                19,
                131
            ]
        ],
        "accuracy": 0.7714285714285715,
        "precision": 0.5646551724137931,
        "recall": 0.8733333333333333,
        "f1": 0.6858638743455497,
        "roc_auc": 0.7461866666666667
    },
    "fused_global": {
        "methodology_context": {
            "fusion_strategy": "Late Fusion (Averaging probabilities)",
            "sample_description": "Stratified sampling (ratio=0.05)",
            "k_folds": {
                "enabled": false,
                "description": "Fixed stratified split used instead of cross-validation for performance"
            },
            "data_splitting": {
                "training": "70%",
                "validation": "15%",
                "testing": "15%",
                "method": "Stratified Shuffle Split"
            }
        },
        "n_eval_rows": 571,
        "y_true_balance": {
            "1": 183,
            "0": 388
        },
        "y_pred_balance": {
            "0": 436,
            "1": 135
        },
        "confusion_matrix": [
            [
                380,
                8
            ],
            [
                56,
                127
            ]
        ],
        "accuracy": 0.8879159369527145,
        "precision": 0.9407407407407408,
        "recall": 0.6939890710382514,
        "f1": 0.7987421383647799,
        "roc_auc": 0.9216100501380204
    }
}