{
    "algorithm": "CNN",
    "type": "deep",
    "hyperparameters": {},
    "training_config": {
        "cv_folds": null,
        "stratified": true,
        "train_ratio": 0.7
    },
    "results": {
        "cic": {
            "methodology_context": {
                "fusion_strategy": "Late Fusion (Averaging probabilities)",
                "sample_description": "Stratified sampling (ratio=0.05)",
                "k_folds": {
                    "enabled": false,
                    "description": "Fixed stratified split used instead of cross-validation for performance"
                },
                "data_splitting": {
                    "training": "70%",
                    "validation": "15%",
                    "testing": "15%",
                    "method": "Stratified Shuffle Split"
                }
            },
            "n_eval_rows": 46,
            "y_true_balance": {
                "0": 13,
                "1": 33
            },
            "y_pred_balance": {
                "0": 3,
                "1": 43
            },
            "confusion_matrix": [
                [
                    1,
                    12
                ],
                [
                    2,
                    31
                ]
            ],
            "accuracy": 0.6956521739130435,
            "precision": 0.7209302325581395,
            "recall": 0.9393939393939394,
            "f1": 0.8157894736842105,
            "roc_auc": 0.8041958041958042
        },
        "ton": {
            "methodology_context": {
                "fusion_strategy": "Late Fusion (Averaging probabilities)",
                "sample_description": "Stratified sampling (ratio=0.05)",
                "k_folds": {
                    "enabled": false,
                    "description": "Fixed stratified split used instead of cross-validation for performance"
                },
                "data_splitting": {
                    "training": "70%",
                    "validation": "15%",
                    "testing": "15%",
                    "method": "Stratified Shuffle Split"
                }
            },
            "n_eval_rows": 525,
            "y_true_balance": {
                "1": 150,
                "0": 375
            },
            "y_pred_balance": {
                "0": 525
            },
            "confusion_matrix": [
                [
                    375,
                    0
                ],
                [
                    150,
                    0
                ]
            ],
            "accuracy": 0.7142857142857143,
            "precision": 0.0,
            "recall": 0.0,
            "f1": 0.0,
            "roc_auc": 0.9232533333333334
        },
        "fused": {
            "methodology_context": {
                "fusion_strategy": "Late Fusion (Averaging probabilities)",
                "sample_description": "Stratified sampling (ratio=0.05)",
                "k_folds": {
                    "enabled": false,
                    "description": "Fixed stratified split used instead of cross-validation for performance"
                },
                "data_splitting": {
                    "training": "70%",
                    "validation": "15%",
                    "testing": "15%",
                    "method": "Stratified Shuffle Split"
                }
            },
            "n_eval_rows": 571,
            "y_true_balance": {
                "0": 388,
                "1": 183
            },
            "y_pred_balance": {
                "0": 571
            },
            "confusion_matrix": [
                [
                    388,
                    0
                ],
                [
                    183,
                    0
                ]
            ],
            "accuracy": 0.6795096322241682,
            "precision": 0.0,
            "recall": 0.0,
            "f1": 0.0,
            "roc_auc": 0.8626274576080222
        }
    },
    "explainability": {
        "shap_available": false,
        "lime_available": false,
        "feature_importance": {}
    },
    "resources": {
        "training_time_sec": null,
        "inference_time_ms": null,
        "memory_mb": null
    }
}