{
    "algorithm": "DT",
    "type": "tree",
    "hyperparameters": {},
    "training_config": {
        "cv_folds": null,
        "stratified": true,
        "train_ratio": 0.7
    },
    "results": {
        "cic": {
            "methodology_context": {
                "fusion_strategy": "Late Fusion (Averaging probabilities)",
                "sample_description": "Stratified sampling (ratio=0.05)",
                "k_folds": {
                    "enabled": false,
                    "description": "Fixed stratified split used instead of cross-validation for performance"
                },
                "data_splitting": {
                    "training": "70%",
                    "validation": "15%",
                    "testing": "15%",
                    "method": "Stratified Shuffle Split"
                }
            },
            "n_eval_rows": 46,
            "y_true_balance": {
                "0": 13,
                "1": 33
            },
            "y_pred_balance": {
                "0": 14,
                "1": 32
            },
            "confusion_matrix": [
                [
                    10,
                    3
                ],
                [
                    4,
                    29
                ]
            ],
            "accuracy": 0.8478260869565217,
            "precision": 0.90625,
            "recall": 0.8787878787878788,
            "f1": 0.8923076923076924,
            "roc_auc": 0.824009324009324
        },
        "ton": {
            "methodology_context": {
                "fusion_strategy": "Late Fusion (Averaging probabilities)",
                "sample_description": "Stratified sampling (ratio=0.05)",
                "k_folds": {
                    "enabled": false,
                    "description": "Fixed stratified split used instead of cross-validation for performance"
                },
                "data_splitting": {
                    "training": "70%",
                    "validation": "15%",
                    "testing": "15%",
                    "method": "Stratified Shuffle Split"
                }
            },
            "n_eval_rows": 525,
            "y_true_balance": {
                "0": 375,
                "1": 150
            },
            "y_pred_balance": {
                "0": 378,
                "1": 147
            },
            "confusion_matrix": [
                [
                    373,
                    2
                ],
                [
                    5,
                    145
                ]
            ],
            "accuracy": 0.9866666666666667,
            "precision": 0.9863945578231292,
            "recall": 0.9666666666666667,
            "f1": 0.9764309764309764,
            "roc_auc": 0.9919288888888889
        },
        "fused": {
            "methodology_context": {
                "fusion_strategy": "Late Fusion (Averaging probabilities)",
                "sample_description": "Stratified sampling (ratio=0.05)",
                "k_folds": {
                    "enabled": false,
                    "description": "Fixed stratified split used instead of cross-validation for performance"
                },
                "data_splitting": {
                    "training": "70%",
                    "validation": "15%",
                    "testing": "15%",
                    "method": "Stratified Shuffle Split"
                }
            },
            "n_eval_rows": 571,
            "y_true_balance": {
                "1": 183,
                "0": 388
            },
            "y_pred_balance": {
                "1": 347,
                "0": 224
            },
            "confusion_matrix": [
                [
                    219,
                    169
                ],
                [
                    5,
                    178
                ]
            ],
            "accuracy": 0.6952714535901926,
            "precision": 0.5129682997118156,
            "recall": 0.9726775956284153,
            "f1": 0.6716981132075471,
            "roc_auc": 0.8248971888907668
        }
    },
    "explainability": {
        "shap_available": false,
        "lime_available": false,
        "feature_importance": {}
    },
    "resources": {
        "training_time_sec": null,
        "inference_time_ms": null,
        "memory_mb": null
    }
}